OrderID,Date,CustomerID,Product,Quantity,UnitPrice,ShippingAddress,PaymentMethod,OrderStatus,TrackingNumber,ItemsInCart,CouponCode,ReferralSource,TotalPrice
ORD200000,2023-01-04,C72649,Monitor,5,570.62,928 Main St,Debit Card,Shipped,TRK37947903,7,SAVE10,Instagram,2853.1
ORD200002,2024-02-27,C81728,Tablet,5,550.68,512 Main St,Credit Card,Cancelled,TRK42903982,8,FREESHIP,Email,2753.4
ORD200004,2025-05-08,C81840,Printer,4,626.01,668 Main St,Online,Delivered,TRK29241424,8,SAVE10,Email,2504.04
ORD200009,2023-11-21,C31946,Desk,4,509.38,102 Main St,Credit Card,Shipped,TRK33478363,6,SAVE10,Google,2037.52
ORD200010,2023-12-29,C43443,Tablet,5,625.97,333 Main St,Credit Card,Returned,TRK98859248,9,WINTER15,Instagram,3129.85
ORD200032,2023-05-01,C12388,Tablet,5,536.72,830 Main St,Cash,Delivered,TRK99261395,10,,Email,2683.6
ORD200034,2023-01-07,C67195,Chair,4,576.52,926 Main St,Credit Card,Pending,TRK55467915,5,WINTER15,Facebook,2306.08
ORD200046,2024-06-26,C43212,Monitor,4,550.14,223 Main St,Debit Card,Pending,TRK25100762,4,FREESHIP,Instagram,2200.56
ORD200059,2024-09-11,C97603,Chair,4,593.27,811 Main St,Online,Shipped,TRK47055028,5,,Facebook,2373.08
ORD200072,2024-12-22,C19451,Tablet,4,589.44,942 Main St,Gift Card,Returned,TRK87787793,5,,Facebook,2357.76
ORD200082,2024-01-05,C65799,Tablet,4,565.2,971 Main St,Debit Card,Shipped,TRK66906607,9,SAVE10,Google,2260.8
ORD200083,2023-08-22,C15681,Laptop,4,540.41,989 Main St,Credit Card,Cancelled,TRK75112172,6,,Referral,2161.64
ORD200086,2024-06-19,C88205,Printer,5,643.03,447 Main St,Online,Cancelled,TRK93504166,5,FREESHIP,Referral,3215.15
ORD200089,2025-02-25,C17181,Printer,5,455.33,291 Main St,Credit Card,Cancelled,TRK78912978,8,FREESHIP,Google,2276.65
ORD200091,2023-03-15,C98216,Laptop,5,492.75,196 Main St,Cash,Shipped,TRK40986666,6,WINTER15,Referral,2463.75
ORD200097,2025-01-21,C15624,Tablet,5,619.52,922 Main St,Debit Card,Pending,TRK40621141,9,,Email,3097.6
ORD200107,2023-03-27,C16775,Printer,5,670.75,848 Main St,Gift Card,Shipped,TRK34392124,8,FREESHIP,Instagram,3353.75
ORD200114,2025-01-27,C77272,Monitor,5,498.48,115 Main St,Online,Pending,TRK29708128,8,SAVE10,Google,2492.4
ORD200118,2023-10-09,C27898,Printer,5,502.71,807 Main St,Gift Card,Shipped,TRK61957665,7,FREESHIP,Google,2513.55
ORD200120,2023-04-11,C58108,Tablet,4,629.34,986 Main St,Cash,Cancelled,TRK66218053,4,WINTER15,Instagram,2517.36
ORD200141,2023-11-18,C80004,Printer,3,684.14,151 Main St,Cash,Cancelled,TRK66230753,3,WINTER15,Instagram,2052.42
ORD200151,2023-12-01,C32960,Printer,5,444.76,947 Main St,Debit Card,Returned,TRK91226500,7,,Email,2223.8
ORD200153,2024-12-18,C71570,Chair,4,534.48,437 Main St,Online,Returned,TRK95992269,9,WINTER15,Instagram,2137.92
ORD200164,2023-12-28,C70566,Desk,5,536.58,667 Main St,Gift Card,Pending,TRK49673411,5,SAVE10,Google,2682.9
ORD200170,2025-04-04,C80223,Desk,4,662.94,535 Main St,Cash,Cancelled,TRK68632951,8,SAVE10,Instagram,2651.76
ORD200174,2024-04-16,C51145,Printer,4,600.81,790 Main St,Debit Card,Delivered,TRK59154274,9,SAVE10,Email,2403.24
ORD200177,2023-08-05,C55632,Chair,5,431.69,354 Main St,Credit Card,Pending,TRK13003066,10,,Facebook,2158.45
ORD200178,2024-04-11,C53070,Chair,4,512.06,283 Main St,Online,Delivered,TRK49791755,5,SAVE10,Google,2048.24
ORD200181,2024-08-31,C38966,Printer,5,404.39,247 Main St,Online,Shipped,TRK17205146,10,,Referral,2021.95
ORD200189,2023-07-05,C48939,Printer,5,429.45,597 Main St,Gift Card,Cancelled,TRK62786764,5,WINTER15,Email,2147.25
ORD200200,2025-06-07,C97681,Tablet,5,433.26,895 Main St,Credit Card,Delivered,TRK37531040,9,SAVE10,Google,2166.3
ORD200221,2024-02-23,C93473,Tablet,5,639.37,552 Main St,Debit Card,Pending,TRK50003989,6,SAVE10,Google,3196.85
ORD200222,2023-05-04,C43124,Chair,4,693.36,931 Main St,Online,Shipped,TRK17293348,8,,Instagram,2773.44
ORD200223,2024-09-11,C22783,Phone,4,692.91,673 Main St,Credit Card,Pending,TRK55009149,9,SAVE10,Instagram,2771.64
ORD200241,2023-05-16,C20817,Chair,5,615.67,407 Main St,Online,Pending,TRK44164590,6,SAVE10,Email,3078.35
ORD200252,2024-09-20,C19648,Phone,4,668.36,821 Main St,Gift Card,Cancelled,TRK51297879,5,FREESHIP,Facebook,2673.44
ORD200266,2024-06-08,C38840,Chair,4,583.07,589 Main St,Credit Card,Cancelled,TRK48484633,6,FREESHIP,Referral,2332.28
ORD200267,2025-04-17,C84480,Chair,5,468.51,803 Main St,Debit Card,Delivered,TRK62361867,9,,Facebook,2342.55
ORD200269,2023-11-25,C48942,Tablet,4,663.67,129 Main St,Credit Card,Pending,TRK29355120,7,FREESHIP,Google,2654.68
ORD200281,2023-07-27,C87181,Desk,4,654.79,195 Main St,Cash,Pending,TRK60093390,9,,Referral,2619.16
ORD200282,2025-04-22,C30411,Printer,4,637.79,375 Main St,Gift Card,Cancelled,TRK71810536,9,FREESHIP,Google,2551.16
ORD200283,2025-02-28,C39638,Laptop,4,540.33,990 Main St,Cash,Shipped,TRK69745608,6,,Google,2161.32
ORD200287,2023-11-24,C70437,Chair,4,655.18,630 Main St,Online,Shipped,TRK26628830,5,,Facebook,2620.72
ORD200288,2023-03-12,C97643,Laptop,4,512.75,537 Main St,Debit Card,Returned,TRK60831391,8,WINTER15,Google,2051.0
ORD200296,2024-06-19,C48453,Desk,5,638.8,434 Main St,Debit Card,Cancelled,TRK52110494,10,WINTER15,Referral,3194.0
ORD200304,2024-10-18,C86762,Monitor,5,408.73,326 Main St,Gift Card,Delivered,TRK75686292,10,FREESHIP,Instagram,2043.65
ORD200309,2023-10-03,C63153,Chair,4,549.76,625 Main St,Debit Card,Delivered,TRK38033305,4,FREESHIP,Facebook,2199.04
ORD200311,2025-05-17,C71698,Desk,5,489.37,274 Main St,Online,Returned,TRK34786818,8,,Instagram,2446.85
ORD200326,2024-07-01,C65986,Laptop,5,670.48,273 Main St,Gift Card,Returned,TRK98353867,5,SAVE10,Facebook,3352.4
ORD200328,2023-02-28,C18404,Tablet,5,674.04,546 Main St,Online,Cancelled,TRK89401624,7,SAVE10,Google,3370.2
ORD200340,2023-04-23,C76207,Laptop,5,521.25,826 Main St,Cash,Cancelled,TRK25569378,8,,Email,2606.25
ORD200342,2025-06-24,C69994,Monitor,5,466.42,619 Main St,Gift Card,Returned,TRK95935805,5,,Referral,2332.1
ORD200345,2023-12-07,C24751,Tablet,5,501.26,259 Main St,Gift Card,Shipped,TRK37285406,10,FREESHIP,Referral,2506.3
ORD200357,2023-07-08,C74982,Laptop,5,408.56,398 Main St,Debit Card,Delivered,TRK98700702,8,FREESHIP,Instagram,2042.8
ORD200359,2023-06-09,C95643,Desk,4,606.57,303 Main St,Debit Card,Delivered,TRK23286689,5,WINTER15,Referral,2426.28
ORD200360,2024-06-06,C53810,Phone,4,589.57,779 Main St,Cash,Pending,TRK34630612,8,,Instagram,2358.28
ORD200361,2024-06-29,C53464,Printer,5,659.85,197 Main St,Credit Card,Delivered,TRK32743531,9,SAVE10,Facebook,3299.25
ORD200364,2023-11-24,C85282,Phone,5,628.74,740 Main St,Cash,Cancelled,TRK86767206,9,FREESHIP,Facebook,3143.7
ORD200367,2024-04-25,C13108,Laptop,5,658.77,712 Main St,Gift Card,Pending,TRK82284400,10,FREESHIP,Instagram,3293.85
ORD200389,2023-12-17,C29703,Desk,4,697.5,558 Main St,Cash,Shipped,TRK40543461,7,FREESHIP,Referral,2790.0
ORD200390,2023-07-14,C55996,Printer,5,508.69,885 Main St,Cash,Delivered,TRK30547638,10,FREESHIP,Google,2543.45
ORD200394,2023-07-05,C70148,Desk,5,529.55,359 Main St,Gift Card,Shipped,TRK34848650,10,,Facebook,2647.75
ORD200399,2024-01-07,C64641,Tablet,5,423.93,319 Main St,Debit Card,Returned,TRK32012588,5,FREESHIP,Facebook,2119.65
ORD200407,2023-08-13,C85993,Tablet,4,547.32,250 Main St,Cash,Returned,TRK72547640,8,FREESHIP,Instagram,2189.28
ORD200423,2024-07-20,C94311,Printer,4,685.2,195 Main St,Gift Card,Cancelled,TRK97308771,6,WINTER15,Google,2740.8
ORD200429,2024-12-19,C38126,Printer,4,515.19,522 Main St,Credit Card,Pending,TRK90838498,9,SAVE10,Facebook,2060.76
ORD200446,2023-10-18,C89592,Laptop,5,509.58,262 Main St,Online,Delivered,TRK49442402,6,FREESHIP,Instagram,2547.9
ORD200450,2024-01-15,C36408,Monitor,5,615.1,160 Main St,Gift Card,Returned,TRK94023253,10,WINTER15,Instagram,3075.5
ORD200457,2025-05-25,C50236,Desk,4,615.83,545 Main St,Online,Returned,TRK67692578,4,WINTER15,Instagram,2463.32
ORD200458,2024-07-02,C31412,Monitor,4,510.58,196 Main St,Credit Card,Returned,TRK61946127,7,WINTER15,Email,2042.32
ORD200463,2023-05-26,C25276,Laptop,5,662.78,214 Main St,Debit Card,Shipped,TRK14011732,9,SAVE10,Instagram,3313.9
ORD200465,2024-02-26,C58773,Printer,5,513.49,391 Main St,Gift Card,Cancelled,TRK65438300,8,,Google,2567.45
ORD200469,2023-11-26,C13877,Chair,5,676.98,893 Main St,Cash,Cancelled,TRK17254691,5,,Facebook,3384.9
ORD200471,2025-04-19,C52717,Desk,5,551.27,395 Main St,Online,Cancelled,TRK27625571,7,FREESHIP,Referral,2756.35
ORD200486,2023-02-03,C88981,Printer,4,611.26,558 Main St,Cash,Shipped,TRK75267873,5,SAVE10,Referral,2445.04
ORD200490,2024-07-22,C50097,Chair,5,467.81,539 Main St,Online,Cancelled,TRK62785150,10,,Facebook,2339.05
ORD200491,2023-01-05,C98168,Phone,5,420.7,481 Main St,Cash,Pending,TRK56423359,5,WINTER15,Facebook,2103.5
ORD200492,2023-10-25,C39074,Laptop,5,606.52,103 Main St,Debit Card,Shipped,TRK13027036,6,SAVE10,Instagram,3032.6
ORD200500,2024-04-07,C79475,Laptop,5,508.59,169 Main St,Cash,Returned,TRK42168516,8,WINTER15,Facebook,2542.95
ORD200511,2024-03-15,C11415,Monitor,5,575.24,267 Main St,Cash,Delivered,TRK65061457,7,WINTER15,Email,2876.2
ORD200523,2025-02-18,C65083,Desk,4,657.79,652 Main St,Credit Card,Returned,TRK60937148,6,WINTER15,Google,2631.16
ORD200527,2024-08-19,C27202,Chair,5,653.47,967 Main St,Credit Card,Cancelled,TRK75406128,10,SAVE10,Referral,3267.35
ORD200540,2024-01-29,C87281,Laptop,5,648.65,852 Main St,Online,Pending,TRK81765057,7,,Referral,3243.25
ORD200541,2023-08-07,C69009,Printer,5,456.06,879 Main St,Cash,Pending,TRK61295842,10,,Instagram,2280.3
ORD200549,2025-02-25,C34266,Monitor,4,629.88,550 Main St,Debit Card,Cancelled,TRK56378197,8,WINTER15,Instagram,2519.52
ORD200558,2024-07-16,C76766,Phone,4,628.12,485 Main St,Online,Delivered,TRK32052962,6,WINTER15,Instagram,2512.48
ORD200560,2023-01-31,C33634,Monitor,4,588.85,524 Main St,Gift Card,Pending,TRK93168008,7,,Email,2355.4
ORD200567,2024-09-30,C92575,Chair,5,492.94,153 Main St,Cash,Shipped,TRK53579227,10,FREESHIP,Email,2464.7
ORD200573,2023-01-25,C13205,Chair,5,421.42,522 Main St,Debit Card,Cancelled,TRK30686578,7,,Instagram,2107.1
ORD200575,2023-06-07,C74005,Chair,5,448.15,528 Main St,Gift Card,Returned,TRK61640534,7,SAVE10,Google,2240.75
ORD200578,2024-10-10,C50415,Monitor,5,566.07,587 Main St,Credit Card,Delivered,TRK41345634,6,SAVE10,Instagram,2830.35
ORD200587,2023-06-12,C18820,Monitor,5,514.6,347 Main St,Gift Card,Delivered,TRK91547425,10,FREESHIP,Instagram,2573.0
ORD200588,2024-12-10,C61849,Monitor,4,577.82,811 Main St,Credit Card,Delivered,TRK47613918,9,,Google,2311.28
ORD200598,2024-04-26,C60329,Desk,5,495.35,826 Main St,Credit Card,Pending,TRK59069987,5,,Facebook,2476.75
ORD200607,2025-05-31,C96434,Printer,4,634.05,282 Main St,Cash,Shipped,TRK56730647,6,SAVE10,Google,2536.2
ORD200608,2024-07-24,C32956,Laptop,5,543.16,788 Main St,Online,Cancelled,TRK73140103,6,SAVE10,Instagram,2715.8
ORD200615,2025-03-07,C97218,Monitor,5,460.14,252 Main St,Credit Card,Returned,TRK52632065,10,WINTER15,Facebook,2300.7
ORD200621,2023-10-22,C37455,Phone,5,476.01,146 Main St,Credit Card,Delivered,TRK82685594,7,WINTER15,Google,2380.05
ORD200628,2023-03-26,C18717,Printer,5,558.63,861 Main St,Cash,Pending,TRK58568806,8,FREESHIP,Referral,2793.15
ORD200632,2023-05-02,C67260,Laptop,5,678.16,463 Main St,Gift Card,Delivered,TRK38229104,7,WINTER15,Facebook,3390.8
ORD200633,2024-04-10,C79533,Laptop,5,601.72,921 Main St,Gift Card,Cancelled,TRK54711422,5,WINTER15,Instagram,3008.6
ORD200638,2023-10-15,C66840,Tablet,4,578.27,547 Main St,Online,Delivered,TRK76929637,9,WINTER15,Email,2313.08
ORD200641,2024-06-30,C71680,Printer,4,567.57,814 Main St,Debit Card,Pending,TRK47386650,9,WINTER15,Google,2270.28
ORD200653,2024-02-25,C59338,Printer,3,690.3,747 Main St,Credit Card,Shipped,TRK12902764,6,WINTER15,Google,2070.9
ORD200670,2024-04-18,C14576,Desk,4,539.2,747 Main St,Credit Card,Pending,TRK21637540,8,FREESHIP,Google,2156.8
ORD200683,2025-05-18,C91591,Desk,4,652.48,887 Main St,Cash,Pending,TRK23554043,5,FREESHIP,Instagram,2609.92
ORD200688,2024-03-06,C20077,Monitor,4,593.22,154 Main St,Credit Card,Cancelled,TRK36415742,8,WINTER15,Facebook,2372.88
ORD200694,2023-10-02,C92049,Printer,4,666.52,619 Main St,Cash,Shipped,TRK32287092,8,FREESHIP,Email,2666.08
ORD200707,2024-11-01,C31761,Chair,4,650.04,989 Main St,Gift Card,Cancelled,TRK17628852,6,SAVE10,Facebook,2600.16
ORD200713,2025-06-21,C65056,Tablet,4,532.49,638 Main St,Online,Cancelled,TRK31705278,6,SAVE10,Facebook,2129.96
ORD200726,2024-10-25,C18105,Laptop,4,583.02,338 Main St,Online,Delivered,TRK94006117,4,FREESHIP,Facebook,2332.08
ORD200731,2024-06-07,C71310,Printer,5,584.46,308 Main St,Credit Card,Returned,TRK48292586,8,,Email,2922.3
ORD200736,2024-02-09,C59441,Monitor,5,418.53,696 Main St,Credit Card,Pending,TRK66186874,6,FREESHIP,Google,2092.65
ORD200737,2024-01-03,C91029,Phone,4,532.87,972 Main St,Cash,Pending,TRK25501930,9,FREESHIP,Instagram,2131.48
ORD200742,2024-11-30,C41974,Laptop,3,699.93,726 Main St,Cash,Returned,TRK48051468,7,SAVE10,Google,2099.79
ORD200764,2024-03-10,C35983,Laptop,5,627.43,806 Main St,Credit Card,Cancelled,TRK14016163,10,FREESHIP,Email,3137.15
ORD200768,2023-09-04,C35987,Tablet,5,653.46,165 Main St,Cash,Cancelled,TRK28918815,9,WINTER15,Email,3267.3
ORD200769,2023-07-06,C13366,Printer,4,678.55,568 Main St,Cash,Delivered,TRK98691410,5,,Email,2714.2
ORD200771,2024-06-12,C20357,Phone,3,692.44,272 Main St,Debit Card,Cancelled,TRK82236408,8,FREESHIP,Google,2077.32
ORD200781,2024-01-10,C43524,Phone,5,524.26,934 Main St,Gift Card,Delivered,TRK51479426,5,FREESHIP,Referral,2621.3
ORD200789,2023-08-17,C57276,Tablet,5,691.28,183 Main St,Online,Delivered,TRK75899752,10,SAVE10,Email,3456.4
ORD200798,2025-05-19,C20861,Phone,5,488.35,968 Main St,Debit Card,Returned,TRK89372013,9,FREESHIP,Email,2441.75
ORD200801,2023-05-03,C97593,Printer,4,595.62,738 Main St,Debit Card,Pending,TRK58443593,8,FREESHIP,Facebook,2382.48
ORD200802,2024-02-17,C84331,Chair,5,644.64,205 Main St,Gift Card,Cancelled,TRK34440714,6,FREESHIP,Email,3223.2
ORD200805,2024-10-15,C59278,Laptop,5,472.01,178 Main St,Gift Card,Cancelled,TRK14590037,10,SAVE10,Email,2360.05
ORD200807,2024-11-10,C82344,Monitor,3,676.21,260 Main St,Online,Delivered,TRK70957219,5,SAVE10,Google,2028.63
ORD200816,2024-02-21,C55286,Tablet,5,574.79,497 Main St,Credit Card,Pending,TRK39058734,8,WINTER15,Referral,2873.95
ORD200817,2023-10-05,C87994,Chair,4,598.19,430 Main St,Credit Card,Delivered,TRK98883971,7,WINTER15,Email,2392.76
ORD200820,2023-05-27,C35377,Phone,5,623.81,171 Main St,Cash,Returned,TRK17342157,6,FREESHIP,Email,3119.05
ORD200823,2024-10-07,C27070,Laptop,4,653.13,973 Main St,Credit Card,Shipped,TRK83842481,8,WINTER15,Instagram,2612.52
ORD200832,2024-03-12,C63372,Chair,5,485.71,903 Main St,Online,Pending,TRK14661811,10,SAVE10,Referral,2428.55
ORD200837,2025-06-14,C88029,Chair,5,655.55,282 Main St,Online,Delivered,TRK59701278,5,,Email,3277.75
ORD200838,2024-04-11,C57798,Desk,4,577.08,384 Main St,Online,Pending,TRK68797566,8,,Facebook,2308.32
ORD200858,2023-08-20,C22167,Tablet,5,435.66,891 Main St,Online,Pending,TRK70269748,9,,Facebook,2178.3
ORD200865,2023-04-30,C72241,Monitor,4,677.37,156 Main St,Cash,Pending,TRK76270481,8,SAVE10,Google,2709.48
ORD200872,2023-07-10,C59169,Chair,4,629.34,172 Main St,Cash,Shipped,TRK90883858,7,,Email,2517.36
ORD200876,2024-06-09,C90363,Chair,5,608.91,200 Main St,Gift Card,Pending,TRK21534173,6,SAVE10,Google,3044.55
ORD200883,2025-05-13,C43595,Printer,5,561.48,451 Main St,Online,Delivered,TRK25317348,9,FREESHIP,Facebook,2807.4
ORD200885,2024-04-07,C61090,Laptop,4,515.59,387 Main St,Credit Card,Shipped,TRK36388962,7,FREESHIP,Google,2062.36
ORD200889,2024-10-27,C36725,Monitor,5,650.72,350 Main St,Credit Card,Cancelled,TRK16808790,8,WINTER15,Email,3253.6
ORD200913,2023-02-16,C45599,Printer,5,475.95,505 Main St,Credit Card,Returned,TRK62277685,8,WINTER15,Facebook,2379.75
ORD200915,2024-02-16,C20643,Laptop,4,502.99,939 Main St,Debit Card,Shipped,TRK30736692,4,WINTER15,Referral,2011.96
ORD200916,2024-06-21,C35669,Printer,5,578.83,165 Main St,Cash,Returned,TRK13928455,6,,Referral,2894.15
ORD200925,2024-12-20,C78500,Monitor,5,502.47,304 Main St,Online,Shipped,TRK97460884,10,WINTER15,Email,2512.35
ORD200935,2023-11-24,C39593,Phone,3,692.71,398 Main St,Credit Card,Delivered,TRK62405253,3,FREESHIP,Instagram,2078.13
ORD200957,2023-01-12,C73575,Monitor,5,643.89,851 Main St,Cash,Returned,TRK23387612,8,WINTER15,Facebook,3219.45
ORD200963,2024-03-11,C88075,Chair,5,530.34,970 Main St,Online,Shipped,TRK42832976,9,FREESHIP,Google,2651.7
ORD200965,2025-06-18,C70412,Laptop,4,578.28,791 Main St,Gift Card,Cancelled,TRK22192783,5,FREESHIP,Email,2313.12
ORD200967,2025-05-06,C52879,Tablet,5,638.92,502 Main St,Credit Card,Returned,TRK67403284,5,FREESHIP,Google,3194.6
ORD200977,2023-01-28,C85841,Chair,4,649.47,608 Main St,Cash,Pending,TRK99820544,8,SAVE10,Google,2597.88
ORD200979,2023-05-31,C75018,Monitor,3,669.06,299 Main St,Cash,Delivered,TRK51794806,7,SAVE10,Facebook,2007.18
ORD200986,2024-09-07,C69213,Laptop,4,644.96,533 Main St,Credit Card,Pending,TRK67837331,7,FREESHIP,Email,2579.84
ORD200994,2024-06-27,C27613,Tablet,4,615.65,971 Main St,Debit Card,Delivered,TRK63701318,9,WINTER15,Google,2462.6
ORD201002,2025-06-19,C83911,Tablet,4,699.88,944 Main St,Cash,Pending,TRK33188106,5,WINTER15,Referral,2799.52
ORD201006,2024-05-27,C27435,Tablet,5,420.98,860 Main St,Cash,Delivered,TRK91458233,7,SAVE10,Facebook,2104.9
ORD201027,2024-05-21,C93467,Laptop,4,554.83,983 Main St,Cash,Returned,TRK77377373,6,,Google,2219.32
ORD201031,2023-02-28,C59183,Phone,5,664.51,136 Main St,Debit Card,Pending,TRK18129706,8,SAVE10,Email,3322.55
ORD201034,2024-06-16,C84524,Printer,4,517.98,766 Main St,Cash,Cancelled,TRK76751888,8,FREESHIP,Facebook,2071.92
ORD201035,2023-11-12,C70315,Laptop,4,506.11,911 Main St,Cash,Cancelled,TRK97732085,5,,Referral,2024.44
ORD201041,2023-02-11,C21167,Monitor,4,558.9,948 Main St,Gift Card,Shipped,TRK97737564,9,WINTER15,Google,2235.6
ORD201047,2023-06-23,C81726,Chair,4,540.34,394 Main St,Gift Card,Shipped,TRK69872994,6,WINTER15,Referral,2161.36
ORD201065,2023-10-30,C47778,Printer,5,666.8,488 Main St,Debit Card,Delivered,TRK79504329,7,SAVE10,Referral,3334.0
ORD201076,2023-05-08,C99116,Laptop,4,686.61,176 Main St,Cash,Shipped,TRK52711973,6,,Referral,2746.44
ORD201079,2024-06-20,C89979,Phone,5,634.0,144 Main St,Gift Card,Delivered,TRK99055909,8,,Email,3170.0
ORD201080,2023-01-20,C70613,Laptop,5,464.74,438 Main St,Gift Card,Delivered,TRK33140293,7,,Referral,2323.7
ORD201087,2025-03-23,C84134,Laptop,4,693.07,530 Main St,Online,Shipped,TRK48659380,8,SAVE10,Instagram,2772.28
ORD201094,2023-06-28,C66093,Printer,4,648.91,615 Main St,Credit Card,Shipped,TRK54950785,6,SAVE10,Instagram,2595.64
ORD201097,2024-12-26,C81370,Monitor,5,506.45,344 Main St,Gift Card,Shipped,TRK99682998,7,WINTER15,Google,2532.25
ORD201122,2023-06-07,C38840,Monitor,5,678.19,766 Main St,Online,Returned,TRK32496970,8,,Facebook,3390.95
ORD201124,2023-05-09,C33744,Chair,4,576.87,888 Main St,Gift Card,Returned,TRK40245983,5,,Instagram,2307.48
ORD201136,2023-09-24,C71899,Tablet,3,668.33,799 Main St,Gift Card,Pending,TRK34856025,4,WINTER15,Facebook,2004.99
ORD201142,2024-08-23,C23405,Phone,4,695.1,484 Main St,Debit Card,Returned,TRK83678708,8,,Email,2780.4
ORD201144,2023-02-16,C88463,Desk,5,507.94,292 Main St,Online,Cancelled,TRK88749996,9,,Facebook,2539.7
ORD201146,2024-10-03,C36383,Monitor,5,421.44,286 Main St,Cash,Pending,TRK93336357,5,SAVE10,Instagram,2107.2
ORD201153,2024-12-16,C98317,Monitor,4,696.71,276 Main St,Debit Card,Shipped,TRK37172138,4,,Instagram,2786.84
ORD201155,2023-08-13,C41478,Printer,4,534.57,667 Main St,Credit Card,Delivered,TRK62068126,6,FREESHIP,Facebook,2138.28
ORD201156,2023-07-19,C20512,Laptop,4,690.78,980 Main St,Credit Card,Shipped,TRK98234737,9,,Referral,2763.12
ORD201171,2023-08-28,C39911,Phone,4,518.4,699 Main St,Credit Card,Delivered,TRK80431998,7,SAVE10,Facebook,2073.6
ORD201179,2023-01-08,C84630,Laptop,5,518.55,907 Main St,Credit Card,Cancelled,TRK48054997,6,WINTER15,Instagram,2592.75
ORD201199,2023-06-11,C57502,Tablet,4,560.58,201 Main St,Gift Card,Returned,TRK51116746,6,SAVE10,Referral,2242.32
